INSERT INTO public."OBJECTS"(
            object_id, object_type_id, name, description)
    VALUES 
			(205, 2, 'Не Иванов Дмитрий', NULL),
			(206, 2, 'Бабкина Мария', NULL),
			
			(207, 2, 'Петров Василий', NULL),
			(208, 2, 'Пупыкина Елена', NULL),
			(209, 2, 'Васильева Светлана', NULL),
			(210, 2, 'Путин Дмитрий', NULL),
			(211, 2, 'Медведев Владимир', NULL),
			
			(305, 2, 'Попова Юлия', NULL),	
			(306, 2, 'Ахмедов Андрей', NULL),

			(405, 2, 'Арзамасцева Кристина', NULL),
			(406, 2, 'Судейкис Николай', NULL),
			(407, 2, 'Потапов Дмитрий', NULL),
			(408, 2, 'Китаев Александр', NULL),			
			
			(15, 3, 'Parking 15', NULL),	
			(16, 3, 'Parking 16', NULL),
			(17, 3, 'Parking 17', NULL),
		
			(18, 3, 'Parking 18', NULL),	 
			(19, 3, 'Parking 19', NULL), 
			(20, 3, 'Parking 20', NULL), 
			(21, 3, 'Parking 21', NULL),
			
			(22, 3, 'Parking 22', NULL),   
			(23, 3, 'Parking 23', NULL),  
			(24, 3, 'Parking 24', NULL),	
			(25, 3, 'Parking 25', NULL),
			
			(26, 3, 'Parking 26', NULL),
			(27, 3, 'Parling 27', NULL),
			(28, 3, 'Parking 28', NULL),
			(29, 3, 'Parking 29', NULL),
			(30, 3, 'Parking 30', NULL),
			(31, 3, 'Parking 31', NULL),
			
			(232, 2, 'Гончаров Виталий', NULL),
			(233, 2, 'Мищик Наталья', NULL),
			(234, 2, 'Попов Евгений', NULL),
			(235, 2, 'Платонова Мария', NULL),
			(236, 2, 'Шибаева Кристина', NULL),
			(237, 2, 'Гусев Влад', NULL),
			(238, 2, 'Пузатых Сергей', NULL),
			(239, 2, 'Грибкова Александра', NULL),
			(240, 2, 'Ивашкин Михаил', NULL),
			(241, 2, 'Козлова Татьяна', NULL),
			
			(32, 3, 'Parking 32', NULL),	 
			(33, 3, 'Parking 33', NULL), 
			(34, 3, 'Parking 34', NULL), 
			(35, 3, 'Parking 35', NULL),
			(36, 3, 'Parking 36', NULL),	 
			(37, 3, 'Parking 37', NULL), 
			(38, 3, 'Parking 38', NULL), 
			(39, 3, 'Parking 39', NULL),
			(40, 3, 'Parking 40', NULL),	 
			(41, 3, 'Parking 41', NULL)
;
	 
INSERT INTO public."REFERENCES"(
            attr_id, reference, object_id)
    VALUES 

		(200, 2, 205),
		(200, 2, 206),
		(200, 3, 305),
		(200, 3, 306),
		
		(300, 205, 15),
		(300, 206, 16),
		(300, 206, 17),
		
		(200, 2, 207),
		(200, 2, 208),
		(200, 2, 209),
		(200, 2, 210),
		(200, 2, 211),
		
		(300, 207, 18),
		(300, 208, 19),
		(300, 209, 20),
		(300, 211, 21),
		
		(300, 210, 22),
		(300, 210, 23),
		(300, 210, 24),
		(300, 210, 25),
		
		(200, 2, 405),
		(200, 2, 406),
		(200, 2, 407),
		(200, 2, 408),
		
		(300, 405, 26),
		(300, 405, 27),
		(300, 406, 28),
		(300, 407, 29),
		(300, 407, 30),
		(300, 408, 31),
		
		(200, 2, 232),
		(200, 2, 233),
		(200, 2, 234),
		(200, 2, 235),
		(200, 2, 236),
		(200, 2, 237),
		(200, 2, 238),
		(200, 2, 239),
		(200, 2, 240),
		(200, 2, 241),	

		(300, 232, 32),
		(300, 233, 33),
		(300, 234, 34),
		(300, 235, 35),
		(300, 236, 36),
		(300, 237, 37),
		(300, 238, 38),
		(300, 239, 39),
		(300, 240, 40),
		(300, 241, 41)
;
		
INSERT INTO public."PARAMS"(
            attr_id, object_id, value, date_value, list_value_id)
    VALUES 
		(201, 205,'+780065423', null, null),
		(202, 205,'arena@gmail.com', null, null),
		(203, 205,'adfages7ScxQ', null, null),
		(101, 205,'Воронеж', null, null),
		(205, 205, null, '1981-11-23', null),
		(206, 205, 'ТРЦ Арена', null, null),
		(100, 205, '4.95', null, null),
		
		(201, 206,'+79374221123', null, null),
		(202, 206,'babamanya66@mail.ru', null, null),
		(203, 206,'qasdzx3Z', null, null),
		(101, 206,'Earth', null, null),
		(205, 206, null,'1966-04-13', null),
		(100, 206, '5', null, null),

		(201, 207,'+79374224563', null, null),
		(202, 207,'petrovasya@mail.ru', null, null),
		(203, 207,'qasdzx3Z', null, null),
		(101, 207,'Mars', null, null),
		(205, 207, null,'1990-04-13', null),
		(100, 207, '4.0', null, null),
		
		(201, 208,'+79008221123', null, null),
		(202, 208,'pup@mail.ru', null, null),
		(203, 208,'qasdzx3Z', null, null),
		(101, 208,'Юлюса-Янониса 16', null, null),  
		(205, 208, null,'1990-04-13', null),
		(100, 208, '4.5', null, null),
		
		(201, 209,'+79008234923', null, null),
		(202, 209,'svetka86@mail.ru', null, null),
		(203, 209,'qasdzx3Z', null, null),
		(101, 209,'Грамши 15', null, null),   
		(205, 209, null,'1996-06-23', null),
		(100, 209, '4.7', null, null),
		
		(201, 210,'+79008230013', null, null),
		(202, 210,'vsegdasvami@mail.ru', null, null),
		(203, 210,'qasdzx3Z', null, null),
		(101, 210,'Москва', null, null),
		(205, 210, null,'1968-06-23', null),
		(100, 210, '5', null, null),
		
		(201, 211,'+79588234923', null, null),
		(202, 211,'vi_derzhites@deneg.net', null, null),
		(203, 211,'qasdzx3Z', null, null),
		(101, 211,'Москва', null, null),
		(205, 211, null,'1972-06-23', null),
		(100, 211, '3', null, null),
		
		(201, 405,'+79627451433', null, null),
		(202, 405,'arzamas@gmail.com', null, null),
		(203, 405,'fsjfhj', null, null),
		(101, 405,'Voronezh', null, null),
		(205, 405, null,'1990-01-10', null),
		(100, 405, '4', null, null),	

		(201, 406,'+79502462433', null, null),
		(202, 406,'parking@gmail.com', null, null),
		(203, 406,'12345park', null, null),
		(101, 406,'Samara', null, null),
		(205, 406, null,'1999-02-25', null),
		(100, 406, '3', null, null),

		(201, 407,'+7800251163', null, null),
		(202, 407,'workmail@gmail.com', null, null),
		(203, 407,'qwert', null, null),
		(101, 407,'Voronezh-2', null, null),
		(205, 407, null,'1965-02-11', null),
		(100, 407, '4.5', null, null),	

		(201, 408,'+747322111421', null, null),
		(202, 408,'arendator@gmail.com', null, null),
		(203, 408,'arendator', null, null),
		(101, 408,'Future', null, null),
		(205, 408, null,'1980-11-10', null),
		(100, 408, '5', null, null),
		
		(201, 305,'+79501231233', null, null),
		(202, 305,'pop@yandex.ru', null, null),
		(203, 305,'qEsdqq123sda', null, null),
		(101, 305,'Moscow', null, null),
		(205, 305, null,'1995-01-10', null),
		(100, 305, '5', null, null),		
				
		(201, 306,'123456789', null, null),
		(202, 306,'qwerqodasad@mail.ru', null, null),
		(203, 306,'ZXQs3Z', null, null),
		(101, 306,'Воронеж', null, null),
		(205, 306, null,'1979-10-11', null),
		(100, 306, '5', null, null),	
					
		(301, 15, '51.710777',null, null),
		(302, 15, '39.161406',null, null),
		(101, 15, 'бул. Победы, 23Б',null, null),
		(304, 15, '25.00',null, null),
		(305, 15, null , to_timestamp('06:00', 'hh24:mi'), null),
		(306, 15, null , to_timestamp('22:00', 'hh24:mi'), null),		
		(307, 15, '120', null, null),
		(308, 15, null , null, 2),
		(100, 15, '4.6',null, null),
		(102, 15, 'http://photoshare.ru/data/9/9155/1/4lrtvl-o1u.jpg?3',null, null),
				
		(301, 16, '51.661612',null, null),
		(302, 16, '39.194093',null, null),
		(101, 16, 'ул. Куколкина, 5А',null, null),
		(304, 16, '150.00',null, null),
		(305, 16, null , to_timestamp('08:00', 'hh24:mi'), null),
		(306, 16, null , to_timestamp('17:00', 'hh24:mi'), null),			
		(307, 16, '1', null, null),
		(308, 16, null , null, 1),
		(100, 16, '5.0',null, null),
		(309, 16, null, null, 4),
		(310, 16, '2.5', null, null),
		
		(301, 17, '51.656991',null, null),
		(302, 17, '39.205927',null, null),
		(101, 17, 'ВГУ, Университетская пл., 1',null, null),
		(304, 17, '450.00',null, null),
		(305, 17, null , to_timestamp('08:00', 'hh24:mi'), null),
		(306, 17, null , to_timestamp('20:00', 'hh24:mi'), null),				
		(307, 17, '35', null, null),
		(308, 17, null , null, 2),
		(100, 17, '5.0',null, null),
		(102, 17, 'http://domovoi-znak.ru/components/com_jshopping/files/img_products/full_no_parking_1.png',null, null),
		
		(301, 18, '51.647197',null, null),
		(302, 18, '39.148679',null, null),
		(101, 18, 'ул. Юлюса-Янониса, 16',null, null),
		(304, 18, '130.00',null, null),
		(305, 18, null , to_timestamp('09:30', 'hh24:mi'), null),
		(306, 18, null , to_timestamp('18:00', 'hh24:mi'), null),			
		(307, 18, '1', null, null),
		(308, 18, null , null, 1),
		(100, 18, '4.0',null, null),
		(309, 18, null, null, 4),
		(310, 18, '2.5', null, null),
		
		(301, 19, '51.633559',null, null),
		(302, 19, '39.197242',null, null),
		(101, 19, 'ул. Грамши, 15',null, null), 
		(304, 19, '140.00',null, null),
		(305, 19, null , to_timestamp('09:00', 'hh24:mi'), null),
		(306, 19, null , to_timestamp('19:00', 'hh24:mi'), null),			
		(307, 19, '1', null, null),
		(308, 19, null , null, 2),
		(100, 19, '4.2',null, null),
		(309, 19, null, null, 4),
		(310, 19, '2.0', null, null),
		
		(301, 20, '51.676046',null, null),
		(302, 20, '39.140020',null, null), 
		(101, 20, 'ул. Газовая, 16',null, null), 
		(304, 20, '140.00',null, null),
		(305, 20, null , to_timestamp('20:00', 'hh24:mi'), null),
		(306, 20, null , to_timestamp('07:00', 'hh24:mi'), null),			
		(307, 20, '1', null, null),
		(308, 20, null , null, 2),
		(100, 20, '4.2',null, null),
		(309, 20, null, null, 4),
		(310, 20, '1.5', null, null), 
		
		(301, 21, '51.679441',null, null),
		(302, 21, '39.155891',null, null), 
		(101, 21, 'ул. Загородная, 68',null, null), 
		(304, 21, '150.00',null, null),
		(305, 21, null , to_timestamp('08:00', 'hh24:mi'), null),
		(306, 21, null , to_timestamp('17:00', 'hh24:mi'), null),			
		(307, 21, '1', null, null),
		(308, 21, null , null, 2),
		(100, 21, '3.1',null, null),
		(309, 21, null, null, 4),
		(310, 21, '2.0', null, null), 
		
		(301, 22, '51.675453',null, null),
		(302, 22, '39.157637',null, null), 
		(101, 22, 'ул. Машиностроителей, 45',null, null), 
		(304, 22, '135.00',null, null),
		(305, 22, null , to_timestamp('06:00', 'hh24:mi'), null),
		(306, 22, null , to_timestamp('16:00', 'hh24:mi'), null),			
		(307, 22, '1', null, null),
		(308, 22, null , null, 2),
		(100, 22, '4.6',null, null),
		(309, 22, null, null, 4),
		(310, 22, '1.5', null, null), 

		(301, 23, '51.676948',null, null),
		(302, 23, '39.166381',null, null), 
		(101, 23, 'ул. Cолнечная, 5',null, null), 
		(304, 23, '135.00',null, null),
		(305, 23, null , to_timestamp('09:00', 'hh24:mi'), null),
		(306, 23, null , to_timestamp('19:00', 'hh24:mi'), null),			
		(307, 23, '1', null, null),
		(308, 23, null , null, 1),
		(100, 23, '4.6',null, null),
		(309, 23, null, null, 4),
		(310, 23, '1.5', null, null),
		
		(301, 24, '51.674159',null, null),
		(302, 24, '39.177511',null, null), 
		(101, 24, 'ул. Еремеево, 19а',null, null), 
		(304, 24, '125.00',null, null),
		(305, 24, null , to_timestamp('10:00', 'hh24:mi'), null),
		(306, 24, null , to_timestamp('18:00', 'hh24:mi'), null),			
		(307, 24, '1', null, null),
		(308, 24, null , null, 2),
		(100, 24, '4.1',null, null),
		(309, 24, null, null, 4),
		(310, 24, '2.0', null, null),
		
		(301, 25, '51.677967',null, null),
		(302, 25, '39.187762',null, null), 
		(101, 25, 'ул. Cвердлово, 41б',null, null), 
		(304, 25, '125.00',null, null),
		(305, 25, null , to_timestamp('10:30', 'hh24:mi'), null),
		(306, 25, null , to_timestamp('19:00', 'hh24:mi'), null),			
		(307, 25, '1', null, null),
		(308, 25, null , null, 2),
		(100, 25, '4.8',null, null),
		(309, 25, null, null, 4),
		(310, 25, '3.0', null, null),
		
		(301, 26, '51.706512',null, null),
		(302, 26, '39.177297',null, null),
		(101, 26, 'ул. Лизюкова, 1',null, null),
		(304, 26, '250.00',null, null),
		(305, 26, null , to_timestamp('08:00', 'hh24:mi'), null),
		(306, 26, null , to_timestamp('17:30', 'hh24:mi'), null),			
		(307, 26, '100', null, null),
		(308, 26, null , null, 2),
		(100, 26, '5.0',null, null),
		(309, 26, null, null, 4),
		(310, 26, '4.5', null, null),

		(301, 27, '51.656957',null, null),
		(302, 27, '39.193393',null, null),
		(101, 27, 'ул. Кирова, 14',null, null),
		(304, 27, '150.00',null, null),
		(305, 27, null , to_timestamp('08:00', 'hh24:mi'), null),
		(306, 27, null , to_timestamp('17:00', 'hh24:mi'), null),			
		(307, 27, '1', null, null),
		(308, 27, null , null, 2),
		(100, 27, '5.0',null, null),
		(309, 27, null, null, 4),
		(310, 27, '2.5', null, null),

		(301, 28, '51.698307',null, null),
		(302, 28, '39.18565',null, null),
		(101, 28, 'ул. Беговая, 10',null, null),
		(304, 28, '175.00',null, null),
		(305, 28, null , to_timestamp('09:00', 'hh24:mi'), null),
		(306, 28, null , to_timestamp('19:00', 'hh24:mi'), null),			
		(307, 28, '1', null, null),
		(308, 28, null , null, 2),
		(100, 28, '4.7',null, null),
		(309, 28, null, null, 4),
		(310, 28, '2.5', null, null),

		(301, 29, '51.686427',null, null),
		(302, 29, '39.256566',null, null),
		(101, 29, 'ул. Переверткина, 7',null, null),
		(304, 29, '250.00',null, null),
		(305, 29, null , to_timestamp('10:00', 'hh24:mi'), null),
		(306, 29, null , to_timestamp('14:00', 'hh24:mi'), null),			
		(307, 29, '1', null, null),
		(308, 29, null , null, 2),
		(100, 29, '5.0',null, null),
		(309, 29, null, null, 4),
		(310, 29, '2.5', null, null),

		(301, 30, '51.680062',null, null),
		(302, 30, '39.259677',null, null),
		(101, 30, 'пр. Ленинский, 121',null, null),
		(304, 30, '250.00',null, null),
		(305, 30, null , to_timestamp('08:00', 'hh24:mi'), null),
		(306, 30, null , to_timestamp('18:00', 'hh24:mi'), null),			
		(307, 30, '1', null, null),
		(308, 30, null , null, 1),
		(100, 30, '4.3',null, null),
		(309, 30, null, null, 4),
		(310, 30, '2.5', null, null),

		(301, 31, '51.658895',null, null),
		(302, 31, '39.181109',null, null),
		(101, 31, 'ул. Революции 1905 года, 14',null, null),
		(304, 31, '325.00',null, null),
		(305, 31, null , to_timestamp('08:30', 'hh24:mi'), null),
		(306, 31, null , to_timestamp('17:30', 'hh24:mi'), null),			
		(307, 31, '1', null, null),
		(308, 31, null , null, 2),
		(100, 31, '5.0',null, null),
		(309, 31, null, null, 4),
		(310, 31, '2.5', null, null),
		
		(201, 232,'+79204558526', null, null),
		(202, 232,'goncharov@gmail.com', null, null),
		(203, 232,'hjf%7f', null, null),
		(101, 232,'Воронеж', null, null),
		(205, 232, null, '1981-11-23', null),
		(100, 232, '4.05', null, null),
		(102, 232, 'https://vignette.wikia.nocookie.net/smesharikiarhives/images/7/7a/X_54b9f99b.jpg/revision/latest/scale-to-width-down/250?cb=20131114120440&path-prefix=ru',null, null),

		(201, 233,'+79397658767', null, null),
		(202, 233,'micik@gmail.com', null, null),
		(203, 233,'fkfnd2', null, null),
		(101, 233,'Воронеж', null, null),
		(205, 233, null, '1991-05-23', null),
		(100, 233, '4.75', null, null),
		(102, 233, 'https://vignette.wikia.nocookie.net/smesharikiarhives/images/b/bb/%D0%9D%D1%8E%D1%88%D0%B0_%D0%B8_%D0%B5%D1%91_%D0%BB%D1%8E%D0%B1%D0%B8%D0%BC%D0%B0%D1%8F_%D0%B8%D0%B3%D1%80%D1%83%D1%88%D0%BA%D0%B0_-_%D0%A2%D1%83%D0%B7%D1%8F.jpg/revision/latest/scale-to-width-down/250?cb=20160607122316&path-prefix=ru',null, null),

		(201, 234,'+79786548765', null, null),
		(202, 234,'popov@gmail.com', null, null),
		(203, 234,'dgfkke', null, null),
		(101, 234,'Воронеж', null, null),
		(205, 234, null, '1996-04-23', null),
		(100, 234, '3.9', null, null),
		(102, 234, 'https://multsforkids.ru/data/uploads/personaji/krosh/krosh-kartinki-1.jpg',null, null),

		(201, 235,'+79486553765', null, null),
		(202, 235,'platonovamaria@gmail.com', null, null),
		(203, 235,'12345', null, null),
		(101, 235,'Воронеж', null, null),
		(205, 235, null, '1994-07-23', null),
		(100, 235, '4.9', null, null),
		(102, 235, 'https://vignette.wikia.nocookie.net/smesharikiarhives/images/1/13/Youloveit_ru_smeshariki_nusha_kartinki17.jpg/revision/latest/scale-to-width-down/220?cb=20150108181528&path-prefix=ru',null, null),

		(201, 236,'+79806775343', null, null),
		(202, 236,'chibaeva@gmail.com', null, null),
		(203, 236,'dcknkd3', null, null),
		(101, 236,'Воронеж', null, null),
		(205, 236, null, '1992-11-23', null),
		(100, 236, '4.85', null, null),
		(102, 236, 'https://i.pinimg.com/originals/11/14/14/1114149eefc158abf0586cef229e9a3a.jpg',null, null),

		(201, 237,'+79208665397', null, null),
		(202, 237,'gysevvlad@gmail.com', null, null),
		(203, 237,'ncnsjio38', null, null),
		(101, 237,'Воронеж', null, null),
		(205, 237, null, '1988-01-23', null),
		(100, 237, '4.9', null, null),
		(102, 237, 'https://ru1.anyfad.com/items/t1@829cb2d7-1edc-4775-8671-9e0702fdc856/Smesharik-Barash.jpg',null, null),

		(201, 238,'+79687664524', null, null),
		(202, 238,'pyzatich@gmail.com', null, null),
		(203, 238,'dnfcjkn3', null, null),
		(101, 238,'Воронеж', null, null),
		(205, 238, null, '1996-11-23', null),
		(100, 238, '3.55', null, null),
		(102, 238, 'http://cs10537.vk.me/u141452059/-14/x_ff16e1a9.jpg',null, null),

		(201, 239,'+79403882636', null, null),
		(202, 239,'gribcova@gmail.com', null, null),
		(203, 239,'pog68', null, null),
		(101, 239,'Воронеж', null, null),
		(205, 239, null, '1993-11-23', null),
		(100, 239, '4.85', null, null),
		(102, 239, 'https://avatanplus.com/files/resources/mid/57e56316c057a157580b1104.png',null, null),

		(201, 240,'+79707656787', null, null),
		(202, 240,'ivashkin@gmail.com', null, null),
		(203, 240,'dcppponnd', null, null),
		(101, 240,'Воронеж', null, null),
		(205, 240, null, '1986-11-23', null),
		(100, 240, '4.7', null, null),
		(102, 240, 'http://zaikinmir.ru/kartinki/images/smeshariki/smeshariki-kartinki-58.jpg',null, null),

		(201, 241,'+79205667654', null, null),
		(202, 241,'kozlov@gmail.com', null, null),
		(203, 241,'hjf%7f', null, null),
		(101, 241,'Воронеж', null, null),
		(205, 241, null, '1987-05-24', null),
		(100, 241, '4.95', null, null),
		(102, 241, 'https://vignette.wikia.nocookie.net/smesharikiarhives/images/7/7a/X_54b9f99b.jpg/revision/latest/scale-to-width-down/250?cb=20131114120440&path-prefix=ru',null, null),


		(301, 32, '51.709455',null, null),
		(302, 32, '39.157652',null, null),
		(101, 32, 'ул. 60 лет ВЛКСМ, 13',null, null),
		(304, 32, '75.00',null, null),
		(305, 32, null , to_timestamp('10:00', 'hh24:mi'), null),
		(306, 32, null , to_timestamp('18:00', 'hh24:mi'), null),			
		(307, 32, '1', null, null),
		(308, 32, null , null, 2),
		(100, 32, '4.0',null, null),
		(102, 32, 'https://cdn.bfm.ru/news/maindocumentphoto/2016/09/06/smes.jpg',null, null),
		(309, 32, null, null, 3),

		(301, 33, '51.638499',null, null),
		(302, 33, '39.087711',null, null),
		(101, 33, 'Советский р-н, 23',null, null),
		(304, 33, '50.00',null, null),
		(305, 33, null , to_timestamp('10:00', 'hh24:mi'), null),
		(306, 33, null , to_timestamp('16:00', 'hh24:mi'), null),			
		(307, 33, '1', null, null),
		(308, 33, null , null, 2),
		(100, 33, '5.0',null, null),
		(102, 33, 'https://s9.stc.all.kpcdn.net/share/i/12/10382911/inx960x640.jpg',null, null),
		(309, 33, null, null, 3),

		(301, 34, '51.618256',null, null),
		(302, 34, '39.287525',null, null),
		(101, 34, 'Левый Берег, 23',null, null),
		(304, 34, '60.00',null, null),
		(305, 34, null , to_timestamp('8:00', 'hh24:mi'), null),
		(306, 34, null , to_timestamp('16:00', 'hh24:mi'), null),			
		(307, 34, '1', null, null),
		(308, 34, null , null, 2),
		(100, 34, '3.8',null, null),
		(102, 34, 'http://i.ytimg.com/vi/38a0f-fXZCc/mqdefault.jpg',null, null),
		(309, 34, null, null, 3),

		(301, 35, '51.682484',null, null),
		(302, 35, '39.224010',null, null),
		(101, 35, 'ул.Демократии, 42',null, null),
		(304, 35, '80.00',null, null),
		(305, 35, null , to_timestamp('8:00', 'hh24:mi'), null),
		(306, 35, null , to_timestamp('20:00', 'hh24:mi'), null),			
		(307, 35, '1', null, null),
		(308, 35, null , null, 2),
		(100, 35, '4.8',null, null),
		(102, 35, 'http://screenshots.etvnet.com/000/125/703/b03.jpg',null, null),
		(309, 35, null, null, 3),

		(301, 36, '51.676883',null, null),
		(302, 36, '39.226381',null, null),
		(101, 36, 'ул.Крестьянская, 46',null, null),
		(304, 36, '90.00',null, null),
		(305, 36, null , to_timestamp('8:00', 'hh24:mi'), null),
		(306, 36, null , to_timestamp('20:00', 'hh24:mi'), null),			
		(307, 36, '1', null, null),
		(308, 36, null , null, 2),
		(100, 36, '4.7',null, null),
		(102, 36, 'http://www.xxlbook.ru/imgh1624646.png',null, null),
		(309, 36, null, null, 3),

		(301, 37, '51.688913',null, null),
		(302, 37, '39.294702',null, null),
		(101, 37, 'ул.Минская, 16',null, null),
		(304, 37, '70.00',null, null),
		(305, 37, null , to_timestamp('10:00', 'hh24:mi'), null),
		(306, 37, null , to_timestamp('15:00', 'hh24:mi'), null),			
		(307, 37, '1', null, null),
		(308, 37, null , null, 2),
		(100, 37, '4.7',null, null),
		(102, 37, 'https://vignette.wikia.nocookie.net/smesharikiarhives/images/9/98/%D0%9B%D0%BE%D1%81%D1%8F%D1%88%D0%B8%D0%BA%D0%BE%D0%BF%D0%B0%D1%82%D1%8B%D1%87.jpg/revision/latest?cb=20140804073114&path-prefix=ru',null, null),
		(309, 37, null, null, 3),

		(301, 38, '51.702961',null, null),
		(302, 38, '39.368860',null, null),
		(101, 38, 'Бабяково, 33',null, null),
		(304, 38, '35.00',null, null),
		(305, 38, null , to_timestamp('9:00', 'hh24:mi'), null),
		(306, 38, null , to_timestamp('20:00', 'hh24:mi'), null),			
		(307, 38, '1', null, null),
		(308, 38, null , null, 2),
		(100, 38, '4.2',null, null),
		(102, 38, 'https://i.ytimg.com/vi/2UjZjcZByCc/maxresdefault.jpg',null, null),
		(309, 38, null, null, 3),

		(301, 39, '51.733802',null, null),
		(302, 39, '39.295560',null, null),
		(101, 39, 'ул.Боровская, 64',null, null),
		(304, 39, '45.00',null, null),
		(305, 39, null , to_timestamp('10:00', 'hh24:mi'), null),
		(306, 39, null , to_timestamp('21:00', 'hh24:mi'), null),			
		(307, 39, '1', null, null),
		(308, 39, null , null, 2),
		(100, 39, '4.4',null, null),
		(102, 39, 'https://vignette.wikia.nocookie.net/smesharikiarhives/images/9/90/%D0%92%D0%BE%D0%B4%D0%BD%D1%8B%D0%B5_%D0%BF%D1%80%D0%BE%D1%86%D0%B5%D0%B4%D1%83%D1%80%D1%8B.jpg/revision/latest?cb=20101017070933&path-prefix=ru',null, null),
		(309, 39, null, null, 3),

		(301, 40, '51.709028',null, null),
		(302, 40, '39.231702',null, null),
		(101, 40, 'ул.Бунакова, 1',null, null),
		(304, 40, '55.00',null, null),
		(305, 40, null , to_timestamp('6:00', 'hh24:mi'), null),
		(306, 40, null , to_timestamp('20:00', 'hh24:mi'), null),			
		(307, 40, '1', null, null),
		(308, 40, null , null, 1),
		(100, 40, '3.2',null, null),
		(102, 40, 'https://i.ytimg.com/vi/LnoNIFIAwHA/maxresdefault.jpg',null, null),
		(309, 40, null, null, 3),

		(301, 41, '51.673596',null, null),
		(302, 41, '39.133941',null, null),
		(101, 41, 'Газовый пер., 5',null, null),
		(304, 41, '35.00',null, null),
		(305, 41, null , to_timestamp('16:00', 'hh24:mi'), null),
		(306, 41, null , to_timestamp('20:00', 'hh24:mi'), null),			
		(307, 41, '1', null, null),
		(308, 41, null , null, 2),
		(100, 41, '4.5',null, null),
		(102, 41, 'http://kbogdanov4.narod.ru/Smeshariki_su/4.jpg',null, null),
		(309, 41, null, null, 3)
;